id,date,title,description,buyer,product_url,download_page_url,download_url,branded_product_url,branded_support_url,branded_support_intent_url,public_support_page_url,pay_what_you_can_url,external_support_destination,utm_source,utm_medium,utm_campaign,utm_content,suggested_support_tiers,support_connected,store_connected,fulfillment,checkout_boundary
daily-autodigital-shelf:2026-07-01-one-page-sop,2026-07-01,One-Page SOP Builder,A worksheet for documenting one repeatable task so someone else can follow it.,Small teams and solo operators who need process notes without a full operations manual.,https://x26dotapp.github.io/daily-autodigital-shelf/packs/2026-07-01-one-page-sop/,https://x26dotapp.github.io/daily-autodigital-shelf/downloads/2026-07-01-one-page-sop.html,https://x26dotapp.github.io/daily-autodigital-shelf/downloads/2026-07-01-one-page-sop.zip,https://www.calmsprout.com/daily-shelf/products/2026-07-01-one-page-sop,https://www.calmsprout.com/daily-shelf/products/2026-07-01-one-page-sop/support,https://www.calmsprout.com/daily-shelf/products/2026-07-01-one-page-sop/support/go,https://x26dotapp.github.io/daily-autodigital-shelf/support.html,https://x26dotapp.github.io/daily-autodigital-shelf/pay-what-you-can.html,https://gift.calmsprout.com,calmsprout,daily_shelf,product_support,2026-07-01-one-page-sop,"$3 Small thank-you: A light support nudge for one useful worksheet. | $9 Bundle supporter: A fair support level for the starter archive. | $21 Keep it running: Helps keep daily publishing, hosting, and maintenance alive.",True,False,public digital download with voluntary external support,Product checkout is not connected. Downloads remain public and support is voluntary.
daily-autodigital-shelf:2026-06-30-listing-photo-checklist,2026-06-30,Listing Photo Checklist,"A practical shot list for creating clearer marketplace, rental, or product listing photos.",People preparing simple listings who need better photos without hiring a photographer.,https://x26dotapp.github.io/daily-autodigital-shelf/packs/2026-06-30-listing-photo-checklist/,https://x26dotapp.github.io/daily-autodigital-shelf/downloads/2026-06-30-listing-photo-checklist.html,https://x26dotapp.github.io/daily-autodigital-shelf/downloads/2026-06-30-listing-photo-checklist.zip,https://www.calmsprout.com/daily-shelf/products/2026-06-30-listing-photo-checklist,https://www.calmsprout.com/daily-shelf/products/2026-06-30-listing-photo-checklist/support,https://www.calmsprout.com/daily-shelf/products/2026-06-30-listing-photo-checklist/support/go,https://x26dotapp.github.io/daily-autodigital-shelf/support.html,https://x26dotapp.github.io/daily-autodigital-shelf/pay-what-you-can.html,https://gift.calmsprout.com,calmsprout,daily_shelf,product_support,2026-06-30-listing-photo-checklist,"$3 Small thank-you: A light support nudge for one useful worksheet. | $9 Bundle supporter: A fair support level for the starter archive. | $21 Keep it running: Helps keep daily publishing, hosting, and maintenance alive.",True,False,public digital download with voluntary external support,Product checkout is not connected. Downloads remain public and support is voluntary.
daily-autodigital-shelf:2026-06-29-client-intake-lite,2026-06-29,Client Intake Lite,"A small intake sheet for turning a vague request into scope, timeline, budget, and next action.",Service providers who need a repeatable first-call intake without a heavy CRM.,https://x26dotapp.github.io/daily-autodigital-shelf/packs/2026-06-29-client-intake-lite/,https://x26dotapp.github.io/daily-autodigital-shelf/downloads/2026-06-29-client-intake-lite.html,https://x26dotapp.github.io/daily-autodigital-shelf/downloads/2026-06-29-client-intake-lite.zip,https://www.calmsprout.com/daily-shelf/products/2026-06-29-client-intake-lite,https://www.calmsprout.com/daily-shelf/products/2026-06-29-client-intake-lite/support,https://www.calmsprout.com/daily-shelf/products/2026-06-29-client-intake-lite/support/go,https://x26dotapp.github.io/daily-autodigital-shelf/support.html,https://x26dotapp.github.io/daily-autodigital-shelf/pay-what-you-can.html,https://gift.calmsprout.com,calmsprout,daily_shelf,product_support,2026-06-29-client-intake-lite,"$3 Small thank-you: A light support nudge for one useful worksheet. | $9 Bundle supporter: A fair support level for the starter archive. | $21 Keep it running: Helps keep daily publishing, hosting, and maintenance alive.",True,False,public digital download with voluntary external support,Product checkout is not connected. Downloads remain public and support is voluntary.
daily-autodigital-shelf:2026-06-28-appointment-prep,2026-06-28,Appointment Prep Card,"A one-page prep card for collecting questions, documents, and follow-up notes before an appointment.",People who forget key questions or documents when appointments get stressful.,https://x26dotapp.github.io/daily-autodigital-shelf/packs/2026-06-28-appointment-prep/,https://x26dotapp.github.io/daily-autodigital-shelf/downloads/2026-06-28-appointment-prep.html,https://x26dotapp.github.io/daily-autodigital-shelf/downloads/2026-06-28-appointment-prep.zip,https://www.calmsprout.com/daily-shelf/products/2026-06-28-appointment-prep,https://www.calmsprout.com/daily-shelf/products/2026-06-28-appointment-prep/support,https://www.calmsprout.com/daily-shelf/products/2026-06-28-appointment-prep/support/go,https://x26dotapp.github.io/daily-autodigital-shelf/support.html,https://x26dotapp.github.io/daily-autodigital-shelf/pay-what-you-can.html,https://gift.calmsprout.com,calmsprout,daily_shelf,product_support,2026-06-28-appointment-prep,"$3 Small thank-you: A light support nudge for one useful worksheet. | $9 Bundle supporter: A fair support level for the starter archive. | $21 Keep it running: Helps keep daily publishing, hosting, and maintenance alive.",True,False,public digital download with voluntary external support,Product checkout is not connected. Downloads remain public and support is voluntary.
daily-autodigital-shelf:2026-06-27-download-folder-reset,2026-06-27,Downloads Folder Reset,A 20-minute digital cleanup worksheet for turning a downloads pile into decisions.,People whose downloads folder has become a source of friction and lost files.,https://x26dotapp.github.io/daily-autodigital-shelf/packs/2026-06-27-download-folder-reset/,https://x26dotapp.github.io/daily-autodigital-shelf/downloads/2026-06-27-download-folder-reset.html,https://x26dotapp.github.io/daily-autodigital-shelf/downloads/2026-06-27-download-folder-reset.zip,https://www.calmsprout.com/daily-shelf/products/2026-06-27-download-folder-reset,https://www.calmsprout.com/daily-shelf/products/2026-06-27-download-folder-reset/support,https://www.calmsprout.com/daily-shelf/products/2026-06-27-download-folder-reset/support/go,https://x26dotapp.github.io/daily-autodigital-shelf/support.html,https://x26dotapp.github.io/daily-autodigital-shelf/pay-what-you-can.html,https://gift.calmsprout.com,calmsprout,daily_shelf,product_support,2026-06-27-download-folder-reset,"$3 Small thank-you: A light support nudge for one useful worksheet. | $9 Bundle supporter: A fair support level for the starter archive. | $21 Keep it running: Helps keep daily publishing, hosting, and maintenance alive.",True,False,public digital download with voluntary external support,Product checkout is not connected. Downloads remain public and support is voluntary.
daily-autodigital-shelf:2026-06-26-invoice-followup,2026-06-26,Invoice Follow-Up Mini Kit,A calm worksheet for tracking unpaid invoices and writing one clear follow-up.,Freelancers and service providers who need a polite payment follow-up without pressure tricks.,https://x26dotapp.github.io/daily-autodigital-shelf/packs/2026-06-26-invoice-followup/,https://x26dotapp.github.io/daily-autodigital-shelf/downloads/2026-06-26-invoice-followup.html,https://x26dotapp.github.io/daily-autodigital-shelf/downloads/2026-06-26-invoice-followup.zip,https://www.calmsprout.com/daily-shelf/products/2026-06-26-invoice-followup,https://www.calmsprout.com/daily-shelf/products/2026-06-26-invoice-followup/support,https://www.calmsprout.com/daily-shelf/products/2026-06-26-invoice-followup/support/go,https://x26dotapp.github.io/daily-autodigital-shelf/support.html,https://x26dotapp.github.io/daily-autodigital-shelf/pay-what-you-can.html,https://gift.calmsprout.com,calmsprout,daily_shelf,product_support,2026-06-26-invoice-followup,"$3 Small thank-you: A light support nudge for one useful worksheet. | $9 Bundle supporter: A fair support level for the starter archive. | $21 Keep it running: Helps keep daily publishing, hosting, and maintenance alive.",True,False,public digital download with voluntary external support,Product checkout is not connected. Downloads remain public and support is voluntary.
daily-autodigital-shelf:2026-06-25-simple-content-calendar,2026-06-25,Simple Content Calendar,"A low-pressure one-week content planner for small brands, creators, and solo operators.",People who need a content plan that does not become a second full-time job.,https://x26dotapp.github.io/daily-autodigital-shelf/packs/2026-06-25-simple-content-calendar/,https://x26dotapp.github.io/daily-autodigital-shelf/downloads/2026-06-25-simple-content-calendar.html,https://x26dotapp.github.io/daily-autodigital-shelf/downloads/2026-06-25-simple-content-calendar.zip,https://www.calmsprout.com/daily-shelf/products/2026-06-25-simple-content-calendar,https://www.calmsprout.com/daily-shelf/products/2026-06-25-simple-content-calendar/support,https://www.calmsprout.com/daily-shelf/products/2026-06-25-simple-content-calendar/support/go,https://x26dotapp.github.io/daily-autodigital-shelf/support.html,https://x26dotapp.github.io/daily-autodigital-shelf/pay-what-you-can.html,https://gift.calmsprout.com,calmsprout,daily_shelf,product_support,2026-06-25-simple-content-calendar,"$3 Small thank-you: A light support nudge for one useful worksheet. | $9 Bundle supporter: A fair support level for the starter archive. | $21 Keep it running: Helps keep daily publishing, hosting, and maintenance alive.",True,False,public digital download with voluntary external support,Product checkout is not connected. Downloads remain public and support is voluntary.
daily-autodigital-shelf:2026-06-24-subscription-audit,2026-06-24,Subscription Audit Sheet,"A quick worksheet for finding recurring charges, renewal dates, and pause candidates.",Households and freelancers who need a clearer view of subscriptions without a finance app.,https://x26dotapp.github.io/daily-autodigital-shelf/packs/2026-06-24-subscription-audit/,https://x26dotapp.github.io/daily-autodigital-shelf/downloads/2026-06-24-subscription-audit.html,https://x26dotapp.github.io/daily-autodigital-shelf/downloads/2026-06-24-subscription-audit.zip,https://www.calmsprout.com/daily-shelf/products/2026-06-24-subscription-audit,https://www.calmsprout.com/daily-shelf/products/2026-06-24-subscription-audit/support,https://www.calmsprout.com/daily-shelf/products/2026-06-24-subscription-audit/support/go,https://x26dotapp.github.io/daily-autodigital-shelf/support.html,https://x26dotapp.github.io/daily-autodigital-shelf/pay-what-you-can.html,https://gift.calmsprout.com,calmsprout,daily_shelf,product_support,2026-06-24-subscription-audit,"$3 Small thank-you: A light support nudge for one useful worksheet. | $9 Bundle supporter: A fair support level for the starter archive. | $21 Keep it running: Helps keep daily publishing, hosting, and maintenance alive.",True,False,public digital download with voluntary external support,Product checkout is not connected. Downloads remain public and support is voluntary.
daily-autodigital-shelf:2026-06-23-offer-followup,2026-06-23,Honest Follow-Up Draft Kit,A non-spam template sheet for following up with one real person or lead.,"Service providers who need a clear follow-up without manipulation, fake urgency, or bulk blasting.",https://x26dotapp.github.io/daily-autodigital-shelf/packs/2026-06-23-offer-followup/,https://x26dotapp.github.io/daily-autodigital-shelf/downloads/2026-06-23-offer-followup.html,https://x26dotapp.github.io/daily-autodigital-shelf/downloads/2026-06-23-offer-followup.zip,https://www.calmsprout.com/daily-shelf/products/2026-06-23-offer-followup,https://www.calmsprout.com/daily-shelf/products/2026-06-23-offer-followup/support,https://www.calmsprout.com/daily-shelf/products/2026-06-23-offer-followup/support/go,https://x26dotapp.github.io/daily-autodigital-shelf/support.html,https://x26dotapp.github.io/daily-autodigital-shelf/pay-what-you-can.html,https://gift.calmsprout.com,calmsprout,daily_shelf,product_support,2026-06-23-offer-followup,"$3 Small thank-you: A light support nudge for one useful worksheet. | $9 Bundle supporter: A fair support level for the starter archive. | $21 Keep it running: Helps keep daily publishing, hosting, and maintenance alive.",True,False,public digital download with voluntary external support,Product checkout is not connected. Downloads remain public and support is voluntary.
daily-autodigital-shelf:2026-06-22-digital-declutter,2026-06-22,Digital Declutter Sprint,"A focused cleanup sheet for one folder, inbox, download pile, or project archive.",People whose digital mess blocks useful work but who cannot handle a full cleanup marathon.,https://x26dotapp.github.io/daily-autodigital-shelf/packs/2026-06-22-digital-declutter/,https://x26dotapp.github.io/daily-autodigital-shelf/downloads/2026-06-22-digital-declutter.html,https://x26dotapp.github.io/daily-autodigital-shelf/downloads/2026-06-22-digital-declutter.zip,https://www.calmsprout.com/daily-shelf/products/2026-06-22-digital-declutter,https://www.calmsprout.com/daily-shelf/products/2026-06-22-digital-declutter/support,https://www.calmsprout.com/daily-shelf/products/2026-06-22-digital-declutter/support/go,https://x26dotapp.github.io/daily-autodigital-shelf/support.html,https://x26dotapp.github.io/daily-autodigital-shelf/pay-what-you-can.html,https://gift.calmsprout.com,calmsprout,daily_shelf,product_support,2026-06-22-digital-declutter,"$3 Small thank-you: A light support nudge for one useful worksheet. | $9 Bundle supporter: A fair support level for the starter archive. | $21 Keep it running: Helps keep daily publishing, hosting, and maintenance alive.",True,False,public digital download with voluntary external support,Product checkout is not connected. Downloads remain public and support is voluntary.
daily-autodigital-shelf:2026-06-21-micro-budget,2026-06-21,Micro Budget Reset,"A one-page reset for seeing near-term bills, small leaks, and the next cash decision.",Solo households and freelancers who need a short money picture without a complex finance app.,https://x26dotapp.github.io/daily-autodigital-shelf/packs/2026-06-21-micro-budget/,https://x26dotapp.github.io/daily-autodigital-shelf/downloads/2026-06-21-micro-budget.html,https://x26dotapp.github.io/daily-autodigital-shelf/downloads/2026-06-21-micro-budget.zip,https://www.calmsprout.com/daily-shelf/products/2026-06-21-micro-budget,https://www.calmsprout.com/daily-shelf/products/2026-06-21-micro-budget/support,https://www.calmsprout.com/daily-shelf/products/2026-06-21-micro-budget/support/go,https://x26dotapp.github.io/daily-autodigital-shelf/support.html,https://x26dotapp.github.io/daily-autodigital-shelf/pay-what-you-can.html,https://gift.calmsprout.com,calmsprout,daily_shelf,product_support,2026-06-21-micro-budget,"$3 Small thank-you: A light support nudge for one useful worksheet. | $9 Bundle supporter: A fair support level for the starter archive. | $21 Keep it running: Helps keep daily publishing, hosting, and maintenance alive.",True,False,public digital download with voluntary external support,Product checkout is not connected. Downloads remain public and support is voluntary.
daily-autodigital-shelf:2026-06-20-home-inventory,2026-06-20,Tiny Home Inventory Pack,"A room-by-room mini inventory for renters, homeowners, resellers, and insurance prep.",People who need a simple physical inventory without a full spreadsheet system.,https://x26dotapp.github.io/daily-autodigital-shelf/packs/2026-06-20-home-inventory/,https://x26dotapp.github.io/daily-autodigital-shelf/downloads/2026-06-20-home-inventory.html,https://x26dotapp.github.io/daily-autodigital-shelf/downloads/2026-06-20-home-inventory.zip,https://www.calmsprout.com/daily-shelf/products/2026-06-20-home-inventory,https://www.calmsprout.com/daily-shelf/products/2026-06-20-home-inventory/support,https://www.calmsprout.com/daily-shelf/products/2026-06-20-home-inventory/support/go,https://x26dotapp.github.io/daily-autodigital-shelf/support.html,https://x26dotapp.github.io/daily-autodigital-shelf/pay-what-you-can.html,https://gift.calmsprout.com,calmsprout,daily_shelf,product_support,2026-06-20-home-inventory,"$3 Small thank-you: A light support nudge for one useful worksheet. | $9 Bundle supporter: A fair support level for the starter archive. | $21 Keep it running: Helps keep daily publishing, hosting, and maintenance alive.",True,False,public digital download with voluntary external support,Product checkout is not connected. Downloads remain public and support is voluntary.
daily-autodigital-shelf:2026-06-19-low-energy-week,2026-06-19,Low-Energy Week Planner,A gentle planning sheet for weeks where consistency matters more than intensity.,Disabled and neurodivergent workers who need low-friction planning without motivational noise.,https://x26dotapp.github.io/daily-autodigital-shelf/packs/2026-06-19-low-energy-week/,https://x26dotapp.github.io/daily-autodigital-shelf/downloads/2026-06-19-low-energy-week.html,https://x26dotapp.github.io/daily-autodigital-shelf/downloads/2026-06-19-low-energy-week.zip,https://www.calmsprout.com/daily-shelf/products/2026-06-19-low-energy-week,https://www.calmsprout.com/daily-shelf/products/2026-06-19-low-energy-week/support,https://www.calmsprout.com/daily-shelf/products/2026-06-19-low-energy-week/support/go,https://x26dotapp.github.io/daily-autodigital-shelf/support.html,https://x26dotapp.github.io/daily-autodigital-shelf/pay-what-you-can.html,https://gift.calmsprout.com,calmsprout,daily_shelf,product_support,2026-06-19-low-energy-week,"$3 Small thank-you: A light support nudge for one useful worksheet. | $9 Bundle supporter: A fair support level for the starter archive. | $21 Keep it running: Helps keep daily publishing, hosting, and maintenance alive.",True,False,public digital download with voluntary external support,Product checkout is not connected. Downloads remain public and support is voluntary.
daily-autodigital-shelf:2026-06-18-receipt-runner,2026-06-18,Receipt Runner Ledger Pack,A simple ledger and daily receipt habit for tiny projects that need proof of movement.,People who lose progress in scattered notes and need a visible record of what changed.,https://x26dotapp.github.io/daily-autodigital-shelf/packs/2026-06-18-receipt-runner/,https://x26dotapp.github.io/daily-autodigital-shelf/downloads/2026-06-18-receipt-runner.html,https://x26dotapp.github.io/daily-autodigital-shelf/downloads/2026-06-18-receipt-runner.zip,https://www.calmsprout.com/daily-shelf/products/2026-06-18-receipt-runner,https://www.calmsprout.com/daily-shelf/products/2026-06-18-receipt-runner/support,https://www.calmsprout.com/daily-shelf/products/2026-06-18-receipt-runner/support/go,https://x26dotapp.github.io/daily-autodigital-shelf/support.html,https://x26dotapp.github.io/daily-autodigital-shelf/pay-what-you-can.html,https://gift.calmsprout.com,calmsprout,daily_shelf,product_support,2026-06-18-receipt-runner,"$3 Small thank-you: A light support nudge for one useful worksheet. | $9 Bundle supporter: A fair support level for the starter archive. | $21 Keep it running: Helps keep daily publishing, hosting, and maintenance alive.",True,False,public digital download with voluntary external support,Product checkout is not connected. Downloads remain public and support is voluntary.
daily-autodigital-shelf:2026-06-17-calm-launch,2026-06-17,Calm Launch One-Page Kit,"A printable page for turning one messy idea into one offer, one audience, and one next action.","Creators, solo operators, and small service shops with an idea that keeps staying unfinished.",https://x26dotapp.github.io/daily-autodigital-shelf/packs/2026-06-17-calm-launch/,https://x26dotapp.github.io/daily-autodigital-shelf/downloads/2026-06-17-calm-launch.html,https://x26dotapp.github.io/daily-autodigital-shelf/downloads/2026-06-17-calm-launch.zip,https://www.calmsprout.com/daily-shelf/products/2026-06-17-calm-launch,https://www.calmsprout.com/daily-shelf/products/2026-06-17-calm-launch/support,https://www.calmsprout.com/daily-shelf/products/2026-06-17-calm-launch/support/go,https://x26dotapp.github.io/daily-autodigital-shelf/support.html,https://x26dotapp.github.io/daily-autodigital-shelf/pay-what-you-can.html,https://gift.calmsprout.com,calmsprout,daily_shelf,product_support,2026-06-17-calm-launch,"$3 Small thank-you: A light support nudge for one useful worksheet. | $9 Bundle supporter: A fair support level for the starter archive. | $21 Keep it running: Helps keep daily publishing, hosting, and maintenance alive.",True,False,public digital download with voluntary external support,Product checkout is not connected. Downloads remain public and support is voluntary.
daily-autodigital-shelf:2026-06-16-landing-page-copy,2026-06-16,Landing Page Copy Blocks,"A fill-in worksheet for headline, promise, proof, offer, and next action copy.",Small operators who need usable page copy before a designer or builder gets involved.,https://x26dotapp.github.io/daily-autodigital-shelf/packs/2026-06-16-landing-page-copy/,https://x26dotapp.github.io/daily-autodigital-shelf/downloads/2026-06-16-landing-page-copy.html,https://x26dotapp.github.io/daily-autodigital-shelf/downloads/2026-06-16-landing-page-copy.zip,https://www.calmsprout.com/daily-shelf/products/2026-06-16-landing-page-copy,https://www.calmsprout.com/daily-shelf/products/2026-06-16-landing-page-copy/support,https://www.calmsprout.com/daily-shelf/products/2026-06-16-landing-page-copy/support/go,https://x26dotapp.github.io/daily-autodigital-shelf/support.html,https://x26dotapp.github.io/daily-autodigital-shelf/pay-what-you-can.html,https://gift.calmsprout.com,calmsprout,daily_shelf,product_support,2026-06-16-landing-page-copy,"$3 Small thank-you: A light support nudge for one useful worksheet. | $9 Bundle supporter: A fair support level for the starter archive. | $21 Keep it running: Helps keep daily publishing, hosting, and maintenance alive.",True,False,public digital download with voluntary external support,Product checkout is not connected. Downloads remain public and support is voluntary.
daily-autodigital-shelf:2026-06-15-renewal-reminder,2026-06-15,Renewal Reminder Sheet,"A small tracker for domain, software, insurance, lease, and service renewal dates.",People who need renewal dates visible before they become urgent surprises.,https://x26dotapp.github.io/daily-autodigital-shelf/packs/2026-06-15-renewal-reminder/,https://x26dotapp.github.io/daily-autodigital-shelf/downloads/2026-06-15-renewal-reminder.html,https://x26dotapp.github.io/daily-autodigital-shelf/downloads/2026-06-15-renewal-reminder.zip,https://www.calmsprout.com/daily-shelf/products/2026-06-15-renewal-reminder,https://www.calmsprout.com/daily-shelf/products/2026-06-15-renewal-reminder/support,https://www.calmsprout.com/daily-shelf/products/2026-06-15-renewal-reminder/support/go,https://x26dotapp.github.io/daily-autodigital-shelf/support.html,https://x26dotapp.github.io/daily-autodigital-shelf/pay-what-you-can.html,https://gift.calmsprout.com,calmsprout,daily_shelf,product_support,2026-06-15-renewal-reminder,"$3 Small thank-you: A light support nudge for one useful worksheet. | $9 Bundle supporter: A fair support level for the starter archive. | $21 Keep it running: Helps keep daily publishing, hosting, and maintenance alive.",True,False,public digital download with voluntary external support,Product checkout is not connected. Downloads remain public and support is voluntary.
daily-autodigital-shelf:2026-06-14-link-in-bio-audit,2026-06-14,Link-in-Bio Audit,A simple audit sheet for checking whether a public profile points visitors to one useful action.,Creators and small sellers whose public links do not clearly route visitors.,https://x26dotapp.github.io/daily-autodigital-shelf/packs/2026-06-14-link-in-bio-audit/,https://x26dotapp.github.io/daily-autodigital-shelf/downloads/2026-06-14-link-in-bio-audit.html,https://x26dotapp.github.io/daily-autodigital-shelf/downloads/2026-06-14-link-in-bio-audit.zip,https://www.calmsprout.com/daily-shelf/products/2026-06-14-link-in-bio-audit,https://www.calmsprout.com/daily-shelf/products/2026-06-14-link-in-bio-audit/support,https://www.calmsprout.com/daily-shelf/products/2026-06-14-link-in-bio-audit/support/go,https://x26dotapp.github.io/daily-autodigital-shelf/support.html,https://x26dotapp.github.io/daily-autodigital-shelf/pay-what-you-can.html,https://gift.calmsprout.com,calmsprout,daily_shelf,product_support,2026-06-14-link-in-bio-audit,"$3 Small thank-you: A light support nudge for one useful worksheet. | $9 Bundle supporter: A fair support level for the starter archive. | $21 Keep it running: Helps keep daily publishing, hosting, and maintenance alive.",True,False,public digital download with voluntary external support,Product checkout is not connected. Downloads remain public and support is voluntary.
daily-autodigital-shelf:2026-06-13-focus-menu,2026-06-13,Focus Menu Builder,"A menu of low, medium, and high energy task options for days when planning from scratch is too expensive.",People who need usable work choices that adapt to uneven energy.,https://x26dotapp.github.io/daily-autodigital-shelf/packs/2026-06-13-focus-menu/,https://x26dotapp.github.io/daily-autodigital-shelf/downloads/2026-06-13-focus-menu.html,https://x26dotapp.github.io/daily-autodigital-shelf/downloads/2026-06-13-focus-menu.zip,https://www.calmsprout.com/daily-shelf/products/2026-06-13-focus-menu,https://www.calmsprout.com/daily-shelf/products/2026-06-13-focus-menu/support,https://www.calmsprout.com/daily-shelf/products/2026-06-13-focus-menu/support/go,https://x26dotapp.github.io/daily-autodigital-shelf/support.html,https://x26dotapp.github.io/daily-autodigital-shelf/pay-what-you-can.html,https://gift.calmsprout.com,calmsprout,daily_shelf,product_support,2026-06-13-focus-menu,"$3 Small thank-you: A light support nudge for one useful worksheet. | $9 Bundle supporter: A fair support level for the starter archive. | $21 Keep it running: Helps keep daily publishing, hosting, and maintenance alive.",True,False,public digital download with voluntary external support,Product checkout is not connected. Downloads remain public and support is voluntary.
daily-autodigital-shelf:2026-06-12-store-import-prep,2026-06-12,Store Import Prep Sheet,"A worksheet for gathering product title, description, price hint, tags, and delivery files before using a store platform.","Digital sellers preparing listings for Payhip, Gumroad, Etsy-style shops, or similar platforms.",https://x26dotapp.github.io/daily-autodigital-shelf/packs/2026-06-12-store-import-prep/,https://x26dotapp.github.io/daily-autodigital-shelf/downloads/2026-06-12-store-import-prep.html,https://x26dotapp.github.io/daily-autodigital-shelf/downloads/2026-06-12-store-import-prep.zip,https://www.calmsprout.com/daily-shelf/products/2026-06-12-store-import-prep,https://www.calmsprout.com/daily-shelf/products/2026-06-12-store-import-prep/support,https://www.calmsprout.com/daily-shelf/products/2026-06-12-store-import-prep/support/go,https://x26dotapp.github.io/daily-autodigital-shelf/support.html,https://x26dotapp.github.io/daily-autodigital-shelf/pay-what-you-can.html,https://gift.calmsprout.com,calmsprout,daily_shelf,product_support,2026-06-12-store-import-prep,"$3 Small thank-you: A light support nudge for one useful worksheet. | $9 Bundle supporter: A fair support level for the starter archive. | $21 Keep it running: Helps keep daily publishing, hosting, and maintenance alive.",True,False,public digital download with voluntary external support,Product checkout is not connected. Downloads remain public and support is voluntary.
daily-autodigital-shelf:2026-06-11-two-hour-workblock,2026-06-11,Two-Hour Workblock Planner,"A compact planning sheet for choosing one outcome, one timer, and one shutdown note.",People who need a bounded work session that does not expand into the whole day.,https://x26dotapp.github.io/daily-autodigital-shelf/packs/2026-06-11-two-hour-workblock/,https://x26dotapp.github.io/daily-autodigital-shelf/downloads/2026-06-11-two-hour-workblock.html,https://x26dotapp.github.io/daily-autodigital-shelf/downloads/2026-06-11-two-hour-workblock.zip,https://www.calmsprout.com/daily-shelf/products/2026-06-11-two-hour-workblock,https://www.calmsprout.com/daily-shelf/products/2026-06-11-two-hour-workblock/support,https://www.calmsprout.com/daily-shelf/products/2026-06-11-two-hour-workblock/support/go,https://x26dotapp.github.io/daily-autodigital-shelf/support.html,https://x26dotapp.github.io/daily-autodigital-shelf/pay-what-you-can.html,https://gift.calmsprout.com,calmsprout,daily_shelf,product_support,2026-06-11-two-hour-workblock,"$3 Small thank-you: A light support nudge for one useful worksheet. | $9 Bundle supporter: A fair support level for the starter archive. | $21 Keep it running: Helps keep daily publishing, hosting, and maintenance alive.",True,False,public digital download with voluntary external support,Product checkout is not connected. Downloads remain public and support is voluntary.
daily-autodigital-shelf:2026-06-10-simple-order-form,2026-06-10,Simple Order Form Draft,A draft sheet for designing a small order or request form before building it online.,Small sellers and service providers who need a clear order form before platform setup.,https://x26dotapp.github.io/daily-autodigital-shelf/packs/2026-06-10-simple-order-form/,https://x26dotapp.github.io/daily-autodigital-shelf/downloads/2026-06-10-simple-order-form.html,https://x26dotapp.github.io/daily-autodigital-shelf/downloads/2026-06-10-simple-order-form.zip,https://www.calmsprout.com/daily-shelf/products/2026-06-10-simple-order-form,https://www.calmsprout.com/daily-shelf/products/2026-06-10-simple-order-form/support,https://www.calmsprout.com/daily-shelf/products/2026-06-10-simple-order-form/support/go,https://x26dotapp.github.io/daily-autodigital-shelf/support.html,https://x26dotapp.github.io/daily-autodigital-shelf/pay-what-you-can.html,https://gift.calmsprout.com,calmsprout,daily_shelf,product_support,2026-06-10-simple-order-form,"$3 Small thank-you: A light support nudge for one useful worksheet. | $9 Bundle supporter: A fair support level for the starter archive. | $21 Keep it running: Helps keep daily publishing, hosting, and maintenance alive.",True,False,public digital download with voluntary external support,Product checkout is not connected. Downloads remain public and support is voluntary.
daily-autodigital-shelf:2026-06-09-daily-proof-log,2026-06-09,Daily Proof Log,A receipt-style log for recording visible proof of work without overexplaining the whole day.,"Solo workers who need evidence of progress for themselves, clients, or future handoff.",https://x26dotapp.github.io/daily-autodigital-shelf/packs/2026-06-09-daily-proof-log/,https://x26dotapp.github.io/daily-autodigital-shelf/downloads/2026-06-09-daily-proof-log.html,https://x26dotapp.github.io/daily-autodigital-shelf/downloads/2026-06-09-daily-proof-log.zip,https://www.calmsprout.com/daily-shelf/products/2026-06-09-daily-proof-log,https://www.calmsprout.com/daily-shelf/products/2026-06-09-daily-proof-log/support,https://www.calmsprout.com/daily-shelf/products/2026-06-09-daily-proof-log/support/go,https://x26dotapp.github.io/daily-autodigital-shelf/support.html,https://x26dotapp.github.io/daily-autodigital-shelf/pay-what-you-can.html,https://gift.calmsprout.com,calmsprout,daily_shelf,product_support,2026-06-09-daily-proof-log,"$3 Small thank-you: A light support nudge for one useful worksheet. | $9 Bundle supporter: A fair support level for the starter archive. | $21 Keep it running: Helps keep daily publishing, hosting, and maintenance alive.",True,False,public digital download with voluntary external support,Product checkout is not connected. Downloads remain public and support is voluntary.
daily-autodigital-shelf:2026-06-08-project-rescue-map,2026-06-08,Project Rescue Map,"A one-page map for rescuing a messy project by separating assets, blockers, risks, and next moves.",Builders and operators who need to recover a project without starting over.,https://x26dotapp.github.io/daily-autodigital-shelf/packs/2026-06-08-project-rescue-map/,https://x26dotapp.github.io/daily-autodigital-shelf/downloads/2026-06-08-project-rescue-map.html,https://x26dotapp.github.io/daily-autodigital-shelf/downloads/2026-06-08-project-rescue-map.zip,https://www.calmsprout.com/daily-shelf/products/2026-06-08-project-rescue-map,https://www.calmsprout.com/daily-shelf/products/2026-06-08-project-rescue-map/support,https://www.calmsprout.com/daily-shelf/products/2026-06-08-project-rescue-map/support/go,https://x26dotapp.github.io/daily-autodigital-shelf/support.html,https://x26dotapp.github.io/daily-autodigital-shelf/pay-what-you-can.html,https://gift.calmsprout.com,calmsprout,daily_shelf,product_support,2026-06-08-project-rescue-map,"$3 Small thank-you: A light support nudge for one useful worksheet. | $9 Bundle supporter: A fair support level for the starter archive. | $21 Keep it running: Helps keep daily publishing, hosting, and maintenance alive.",True,False,public digital download with voluntary external support,Product checkout is not connected. Downloads remain public and support is voluntary.
daily-autodigital-shelf:2026-06-07-email-triage,2026-06-07,Email Triage Sprint,A 15-minute inbox worksheet for finding the few messages that actually need action.,People who avoid inboxes because every message feels equally urgent.,https://x26dotapp.github.io/daily-autodigital-shelf/packs/2026-06-07-email-triage/,https://x26dotapp.github.io/daily-autodigital-shelf/downloads/2026-06-07-email-triage.html,https://x26dotapp.github.io/daily-autodigital-shelf/downloads/2026-06-07-email-triage.zip,https://www.calmsprout.com/daily-shelf/products/2026-06-07-email-triage,https://www.calmsprout.com/daily-shelf/products/2026-06-07-email-triage/support,https://www.calmsprout.com/daily-shelf/products/2026-06-07-email-triage/support/go,https://x26dotapp.github.io/daily-autodigital-shelf/support.html,https://x26dotapp.github.io/daily-autodigital-shelf/pay-what-you-can.html,https://gift.calmsprout.com,calmsprout,daily_shelf,product_support,2026-06-07-email-triage,"$3 Small thank-you: A light support nudge for one useful worksheet. | $9 Bundle supporter: A fair support level for the starter archive. | $21 Keep it running: Helps keep daily publishing, hosting, and maintenance alive.",True,False,public digital download with voluntary external support,Product checkout is not connected. Downloads remain public and support is voluntary.
daily-autodigital-shelf:2026-06-06-decision-parking-lot,2026-06-06,Decision Parking Lot,A worksheet for parking unresolved decisions so they stop interrupting the current task.,People who get pulled away by unresolved choices and need a simple holding place.,https://x26dotapp.github.io/daily-autodigital-shelf/packs/2026-06-06-decision-parking-lot/,https://x26dotapp.github.io/daily-autodigital-shelf/downloads/2026-06-06-decision-parking-lot.html,https://x26dotapp.github.io/daily-autodigital-shelf/downloads/2026-06-06-decision-parking-lot.zip,https://www.calmsprout.com/daily-shelf/products/2026-06-06-decision-parking-lot,https://www.calmsprout.com/daily-shelf/products/2026-06-06-decision-parking-lot/support,https://www.calmsprout.com/daily-shelf/products/2026-06-06-decision-parking-lot/support/go,https://x26dotapp.github.io/daily-autodigital-shelf/support.html,https://x26dotapp.github.io/daily-autodigital-shelf/pay-what-you-can.html,https://gift.calmsprout.com,calmsprout,daily_shelf,product_support,2026-06-06-decision-parking-lot,"$3 Small thank-you: A light support nudge for one useful worksheet. | $9 Bundle supporter: A fair support level for the starter archive. | $21 Keep it running: Helps keep daily publishing, hosting, and maintenance alive.",True,False,public digital download with voluntary external support,Product checkout is not connected. Downloads remain public and support is voluntary.
daily-autodigital-shelf:2026-06-05-tiny-launch-checklist,2026-06-05,Tiny Launch Checklist,"A compact launch checklist for publishing a small page, pack, or offer without waiting for perfect.",People with useful work stuck in draft mode who need a small publish path.,https://x26dotapp.github.io/daily-autodigital-shelf/packs/2026-06-05-tiny-launch-checklist/,https://x26dotapp.github.io/daily-autodigital-shelf/downloads/2026-06-05-tiny-launch-checklist.html,https://x26dotapp.github.io/daily-autodigital-shelf/downloads/2026-06-05-tiny-launch-checklist.zip,https://www.calmsprout.com/daily-shelf/products/2026-06-05-tiny-launch-checklist,https://www.calmsprout.com/daily-shelf/products/2026-06-05-tiny-launch-checklist/support,https://www.calmsprout.com/daily-shelf/products/2026-06-05-tiny-launch-checklist/support/go,https://x26dotapp.github.io/daily-autodigital-shelf/support.html,https://x26dotapp.github.io/daily-autodigital-shelf/pay-what-you-can.html,https://gift.calmsprout.com,calmsprout,daily_shelf,product_support,2026-06-05-tiny-launch-checklist,"$3 Small thank-you: A light support nudge for one useful worksheet. | $9 Bundle supporter: A fair support level for the starter archive. | $21 Keep it running: Helps keep daily publishing, hosting, and maintenance alive.",True,False,public digital download with voluntary external support,Product checkout is not connected. Downloads remain public and support is voluntary.
daily-autodigital-shelf:2026-06-04-micro-offer-pricing,2026-06-04,Micro Offer Pricing Sheet,A simple worksheet for pricing a small digital or service offer without pretending the market is guaranteed.,Creators and service providers turning a small repeatable outcome into an offer.,https://x26dotapp.github.io/daily-autodigital-shelf/packs/2026-06-04-micro-offer-pricing/,https://x26dotapp.github.io/daily-autodigital-shelf/downloads/2026-06-04-micro-offer-pricing.html,https://x26dotapp.github.io/daily-autodigital-shelf/downloads/2026-06-04-micro-offer-pricing.zip,https://www.calmsprout.com/daily-shelf/products/2026-06-04-micro-offer-pricing,https://www.calmsprout.com/daily-shelf/products/2026-06-04-micro-offer-pricing/support,https://www.calmsprout.com/daily-shelf/products/2026-06-04-micro-offer-pricing/support/go,https://x26dotapp.github.io/daily-autodigital-shelf/support.html,https://x26dotapp.github.io/daily-autodigital-shelf/pay-what-you-can.html,https://gift.calmsprout.com,calmsprout,daily_shelf,product_support,2026-06-04-micro-offer-pricing,"$3 Small thank-you: A light support nudge for one useful worksheet. | $9 Bundle supporter: A fair support level for the starter archive. | $21 Keep it running: Helps keep daily publishing, hosting, and maintenance alive.",True,False,public digital download with voluntary external support,Product checkout is not connected. Downloads remain public and support is voluntary.
daily-autodigital-shelf:2026-06-03-weekly-reset,2026-06-03,Weekly Reset Board,"A printable reset board for tasks, bills, errands, and loose ends that need one weekly review.",Busy households and solo workers who need one visible weekly reset page.,https://x26dotapp.github.io/daily-autodigital-shelf/packs/2026-06-03-weekly-reset/,https://x26dotapp.github.io/daily-autodigital-shelf/downloads/2026-06-03-weekly-reset.html,https://x26dotapp.github.io/daily-autodigital-shelf/downloads/2026-06-03-weekly-reset.zip,https://www.calmsprout.com/daily-shelf/products/2026-06-03-weekly-reset,https://www.calmsprout.com/daily-shelf/products/2026-06-03-weekly-reset/support,https://www.calmsprout.com/daily-shelf/products/2026-06-03-weekly-reset/support/go,https://x26dotapp.github.io/daily-autodigital-shelf/support.html,https://x26dotapp.github.io/daily-autodigital-shelf/pay-what-you-can.html,https://gift.calmsprout.com,calmsprout,daily_shelf,product_support,2026-06-03-weekly-reset,"$3 Small thank-you: A light support nudge for one useful worksheet. | $9 Bundle supporter: A fair support level for the starter archive. | $21 Keep it running: Helps keep daily publishing, hosting, and maintenance alive.",True,False,public digital download with voluntary external support,Product checkout is not connected. Downloads remain public and support is voluntary.
daily-autodigital-shelf:2026-06-02-one-page-sop,2026-06-02,One-Page SOP Builder,A worksheet for documenting one repeatable task so someone else can follow it.,Small teams and solo operators who need process notes without a full operations manual.,https://x26dotapp.github.io/daily-autodigital-shelf/packs/2026-06-02-one-page-sop/,https://x26dotapp.github.io/daily-autodigital-shelf/downloads/2026-06-02-one-page-sop.html,https://x26dotapp.github.io/daily-autodigital-shelf/downloads/2026-06-02-one-page-sop.zip,https://www.calmsprout.com/daily-shelf/products/2026-06-02-one-page-sop,https://www.calmsprout.com/daily-shelf/products/2026-06-02-one-page-sop/support,https://www.calmsprout.com/daily-shelf/products/2026-06-02-one-page-sop/support/go,https://x26dotapp.github.io/daily-autodigital-shelf/support.html,https://x26dotapp.github.io/daily-autodigital-shelf/pay-what-you-can.html,https://gift.calmsprout.com,calmsprout,daily_shelf,product_support,2026-06-02-one-page-sop,"$3 Small thank-you: A light support nudge for one useful worksheet. | $9 Bundle supporter: A fair support level for the starter archive. | $21 Keep it running: Helps keep daily publishing, hosting, and maintenance alive.",True,False,public digital download with voluntary external support,Product checkout is not connected. Downloads remain public and support is voluntary.
daily-autodigital-shelf:2026-06-01-listing-photo-checklist,2026-06-01,Listing Photo Checklist,"A practical shot list for creating clearer marketplace, rental, or product listing photos.",People preparing simple listings who need better photos without hiring a photographer.,https://x26dotapp.github.io/daily-autodigital-shelf/packs/2026-06-01-listing-photo-checklist/,https://x26dotapp.github.io/daily-autodigital-shelf/downloads/2026-06-01-listing-photo-checklist.html,https://x26dotapp.github.io/daily-autodigital-shelf/downloads/2026-06-01-listing-photo-checklist.zip,https://www.calmsprout.com/daily-shelf/products/2026-06-01-listing-photo-checklist,https://www.calmsprout.com/daily-shelf/products/2026-06-01-listing-photo-checklist/support,https://www.calmsprout.com/daily-shelf/products/2026-06-01-listing-photo-checklist/support/go,https://x26dotapp.github.io/daily-autodigital-shelf/support.html,https://x26dotapp.github.io/daily-autodigital-shelf/pay-what-you-can.html,https://gift.calmsprout.com,calmsprout,daily_shelf,product_support,2026-06-01-listing-photo-checklist,"$3 Small thank-you: A light support nudge for one useful worksheet. | $9 Bundle supporter: A fair support level for the starter archive. | $21 Keep it running: Helps keep daily publishing, hosting, and maintenance alive.",True,False,public digital download with voluntary external support,Product checkout is not connected. Downloads remain public and support is voluntary.
daily-autodigital-shelf:2026-05-31-client-intake-lite,2026-05-31,Client Intake Lite,"A small intake sheet for turning a vague request into scope, timeline, budget, and next action.",Service providers who need a repeatable first-call intake without a heavy CRM.,https://x26dotapp.github.io/daily-autodigital-shelf/packs/2026-05-31-client-intake-lite/,https://x26dotapp.github.io/daily-autodigital-shelf/downloads/2026-05-31-client-intake-lite.html,https://x26dotapp.github.io/daily-autodigital-shelf/downloads/2026-05-31-client-intake-lite.zip,https://www.calmsprout.com/daily-shelf/products/2026-05-31-client-intake-lite,https://www.calmsprout.com/daily-shelf/products/2026-05-31-client-intake-lite/support,https://www.calmsprout.com/daily-shelf/products/2026-05-31-client-intake-lite/support/go,https://x26dotapp.github.io/daily-autodigital-shelf/support.html,https://x26dotapp.github.io/daily-autodigital-shelf/pay-what-you-can.html,https://gift.calmsprout.com,calmsprout,daily_shelf,product_support,2026-05-31-client-intake-lite,"$3 Small thank-you: A light support nudge for one useful worksheet. | $9 Bundle supporter: A fair support level for the starter archive. | $21 Keep it running: Helps keep daily publishing, hosting, and maintenance alive.",True,False,public digital download with voluntary external support,Product checkout is not connected. Downloads remain public and support is voluntary.
daily-autodigital-shelf:2026-05-30-appointment-prep,2026-05-30,Appointment Prep Card,"A one-page prep card for collecting questions, documents, and follow-up notes before an appointment.",People who forget key questions or documents when appointments get stressful.,https://x26dotapp.github.io/daily-autodigital-shelf/packs/2026-05-30-appointment-prep/,https://x26dotapp.github.io/daily-autodigital-shelf/downloads/2026-05-30-appointment-prep.html,https://x26dotapp.github.io/daily-autodigital-shelf/downloads/2026-05-30-appointment-prep.zip,https://www.calmsprout.com/daily-shelf/products/2026-05-30-appointment-prep,https://www.calmsprout.com/daily-shelf/products/2026-05-30-appointment-prep/support,https://www.calmsprout.com/daily-shelf/products/2026-05-30-appointment-prep/support/go,https://x26dotapp.github.io/daily-autodigital-shelf/support.html,https://x26dotapp.github.io/daily-autodigital-shelf/pay-what-you-can.html,https://gift.calmsprout.com,calmsprout,daily_shelf,product_support,2026-05-30-appointment-prep,"$3 Small thank-you: A light support nudge for one useful worksheet. | $9 Bundle supporter: A fair support level for the starter archive. | $21 Keep it running: Helps keep daily publishing, hosting, and maintenance alive.",True,False,public digital download with voluntary external support,Product checkout is not connected. Downloads remain public and support is voluntary.
daily-autodigital-shelf:2026-05-29-download-folder-reset,2026-05-29,Downloads Folder Reset,A 20-minute digital cleanup worksheet for turning a downloads pile into decisions.,People whose downloads folder has become a source of friction and lost files.,https://x26dotapp.github.io/daily-autodigital-shelf/packs/2026-05-29-download-folder-reset/,https://x26dotapp.github.io/daily-autodigital-shelf/downloads/2026-05-29-download-folder-reset.html,https://x26dotapp.github.io/daily-autodigital-shelf/downloads/2026-05-29-download-folder-reset.zip,https://www.calmsprout.com/daily-shelf/products/2026-05-29-download-folder-reset,https://www.calmsprout.com/daily-shelf/products/2026-05-29-download-folder-reset/support,https://www.calmsprout.com/daily-shelf/products/2026-05-29-download-folder-reset/support/go,https://x26dotapp.github.io/daily-autodigital-shelf/support.html,https://x26dotapp.github.io/daily-autodigital-shelf/pay-what-you-can.html,https://gift.calmsprout.com,calmsprout,daily_shelf,product_support,2026-05-29-download-folder-reset,"$3 Small thank-you: A light support nudge for one useful worksheet. | $9 Bundle supporter: A fair support level for the starter archive. | $21 Keep it running: Helps keep daily publishing, hosting, and maintenance alive.",True,False,public digital download with voluntary external support,Product checkout is not connected. Downloads remain public and support is voluntary.
daily-autodigital-shelf:2026-05-28-invoice-followup,2026-05-28,Invoice Follow-Up Mini Kit,A calm worksheet for tracking unpaid invoices and writing one clear follow-up.,Freelancers and service providers who need a polite payment follow-up without pressure tricks.,https://x26dotapp.github.io/daily-autodigital-shelf/packs/2026-05-28-invoice-followup/,https://x26dotapp.github.io/daily-autodigital-shelf/downloads/2026-05-28-invoice-followup.html,https://x26dotapp.github.io/daily-autodigital-shelf/downloads/2026-05-28-invoice-followup.zip,https://www.calmsprout.com/daily-shelf/products/2026-05-28-invoice-followup,https://www.calmsprout.com/daily-shelf/products/2026-05-28-invoice-followup/support,https://www.calmsprout.com/daily-shelf/products/2026-05-28-invoice-followup/support/go,https://x26dotapp.github.io/daily-autodigital-shelf/support.html,https://x26dotapp.github.io/daily-autodigital-shelf/pay-what-you-can.html,https://gift.calmsprout.com,calmsprout,daily_shelf,product_support,2026-05-28-invoice-followup,"$3 Small thank-you: A light support nudge for one useful worksheet. | $9 Bundle supporter: A fair support level for the starter archive. | $21 Keep it running: Helps keep daily publishing, hosting, and maintenance alive.",True,False,public digital download with voluntary external support,Product checkout is not connected. Downloads remain public and support is voluntary.
daily-autodigital-shelf:2026-05-27-simple-content-calendar,2026-05-27,Simple Content Calendar,"A low-pressure one-week content planner for small brands, creators, and solo operators.",People who need a content plan that does not become a second full-time job.,https://x26dotapp.github.io/daily-autodigital-shelf/packs/2026-05-27-simple-content-calendar/,https://x26dotapp.github.io/daily-autodigital-shelf/downloads/2026-05-27-simple-content-calendar.html,https://x26dotapp.github.io/daily-autodigital-shelf/downloads/2026-05-27-simple-content-calendar.zip,https://www.calmsprout.com/daily-shelf/products/2026-05-27-simple-content-calendar,https://www.calmsprout.com/daily-shelf/products/2026-05-27-simple-content-calendar/support,https://www.calmsprout.com/daily-shelf/products/2026-05-27-simple-content-calendar/support/go,https://x26dotapp.github.io/daily-autodigital-shelf/support.html,https://x26dotapp.github.io/daily-autodigital-shelf/pay-what-you-can.html,https://gift.calmsprout.com,calmsprout,daily_shelf,product_support,2026-05-27-simple-content-calendar,"$3 Small thank-you: A light support nudge for one useful worksheet. | $9 Bundle supporter: A fair support level for the starter archive. | $21 Keep it running: Helps keep daily publishing, hosting, and maintenance alive.",True,False,public digital download with voluntary external support,Product checkout is not connected. Downloads remain public and support is voluntary.
daily-autodigital-shelf:2026-05-26-subscription-audit,2026-05-26,Subscription Audit Sheet,"A quick worksheet for finding recurring charges, renewal dates, and pause candidates.",Households and freelancers who need a clearer view of subscriptions without a finance app.,https://x26dotapp.github.io/daily-autodigital-shelf/packs/2026-05-26-subscription-audit/,https://x26dotapp.github.io/daily-autodigital-shelf/downloads/2026-05-26-subscription-audit.html,https://x26dotapp.github.io/daily-autodigital-shelf/downloads/2026-05-26-subscription-audit.zip,https://www.calmsprout.com/daily-shelf/products/2026-05-26-subscription-audit,https://www.calmsprout.com/daily-shelf/products/2026-05-26-subscription-audit/support,https://www.calmsprout.com/daily-shelf/products/2026-05-26-subscription-audit/support/go,https://x26dotapp.github.io/daily-autodigital-shelf/support.html,https://x26dotapp.github.io/daily-autodigital-shelf/pay-what-you-can.html,https://gift.calmsprout.com,calmsprout,daily_shelf,product_support,2026-05-26-subscription-audit,"$3 Small thank-you: A light support nudge for one useful worksheet. | $9 Bundle supporter: A fair support level for the starter archive. | $21 Keep it running: Helps keep daily publishing, hosting, and maintenance alive.",True,False,public digital download with voluntary external support,Product checkout is not connected. Downloads remain public and support is voluntary.
daily-autodigital-shelf:2026-05-25-offer-followup,2026-05-25,Honest Follow-Up Draft Kit,A non-spam template sheet for following up with one real person or lead.,"Service providers who need a clear follow-up without manipulation, fake urgency, or bulk blasting.",https://x26dotapp.github.io/daily-autodigital-shelf/packs/2026-05-25-offer-followup/,https://x26dotapp.github.io/daily-autodigital-shelf/downloads/2026-05-25-offer-followup.html,https://x26dotapp.github.io/daily-autodigital-shelf/downloads/2026-05-25-offer-followup.zip,https://www.calmsprout.com/daily-shelf/products/2026-05-25-offer-followup,https://www.calmsprout.com/daily-shelf/products/2026-05-25-offer-followup/support,https://www.calmsprout.com/daily-shelf/products/2026-05-25-offer-followup/support/go,https://x26dotapp.github.io/daily-autodigital-shelf/support.html,https://x26dotapp.github.io/daily-autodigital-shelf/pay-what-you-can.html,https://gift.calmsprout.com,calmsprout,daily_shelf,product_support,2026-05-25-offer-followup,"$3 Small thank-you: A light support nudge for one useful worksheet. | $9 Bundle supporter: A fair support level for the starter archive. | $21 Keep it running: Helps keep daily publishing, hosting, and maintenance alive.",True,False,public digital download with voluntary external support,Product checkout is not connected. Downloads remain public and support is voluntary.
daily-autodigital-shelf:2026-05-24-digital-declutter,2026-05-24,Digital Declutter Sprint,"A focused cleanup sheet for one folder, inbox, download pile, or project archive.",People whose digital mess blocks useful work but who cannot handle a full cleanup marathon.,https://x26dotapp.github.io/daily-autodigital-shelf/packs/2026-05-24-digital-declutter/,https://x26dotapp.github.io/daily-autodigital-shelf/downloads/2026-05-24-digital-declutter.html,https://x26dotapp.github.io/daily-autodigital-shelf/downloads/2026-05-24-digital-declutter.zip,https://www.calmsprout.com/daily-shelf/products/2026-05-24-digital-declutter,https://www.calmsprout.com/daily-shelf/products/2026-05-24-digital-declutter/support,https://www.calmsprout.com/daily-shelf/products/2026-05-24-digital-declutter/support/go,https://x26dotapp.github.io/daily-autodigital-shelf/support.html,https://x26dotapp.github.io/daily-autodigital-shelf/pay-what-you-can.html,https://gift.calmsprout.com,calmsprout,daily_shelf,product_support,2026-05-24-digital-declutter,"$3 Small thank-you: A light support nudge for one useful worksheet. | $9 Bundle supporter: A fair support level for the starter archive. | $21 Keep it running: Helps keep daily publishing, hosting, and maintenance alive.",True,False,public digital download with voluntary external support,Product checkout is not connected. Downloads remain public and support is voluntary.
daily-autodigital-shelf:2026-05-23-micro-budget,2026-05-23,Micro Budget Reset,"A one-page reset for seeing near-term bills, small leaks, and the next cash decision.",Solo households and freelancers who need a short money picture without a complex finance app.,https://x26dotapp.github.io/daily-autodigital-shelf/packs/2026-05-23-micro-budget/,https://x26dotapp.github.io/daily-autodigital-shelf/downloads/2026-05-23-micro-budget.html,https://x26dotapp.github.io/daily-autodigital-shelf/downloads/2026-05-23-micro-budget.zip,https://www.calmsprout.com/daily-shelf/products/2026-05-23-micro-budget,https://www.calmsprout.com/daily-shelf/products/2026-05-23-micro-budget/support,https://www.calmsprout.com/daily-shelf/products/2026-05-23-micro-budget/support/go,https://x26dotapp.github.io/daily-autodigital-shelf/support.html,https://x26dotapp.github.io/daily-autodigital-shelf/pay-what-you-can.html,https://gift.calmsprout.com,calmsprout,daily_shelf,product_support,2026-05-23-micro-budget,"$3 Small thank-you: A light support nudge for one useful worksheet. | $9 Bundle supporter: A fair support level for the starter archive. | $21 Keep it running: Helps keep daily publishing, hosting, and maintenance alive.",True,False,public digital download with voluntary external support,Product checkout is not connected. Downloads remain public and support is voluntary.
daily-autodigital-shelf:2026-05-22-home-inventory,2026-05-22,Tiny Home Inventory Pack,"A room-by-room mini inventory for renters, homeowners, resellers, and insurance prep.",People who need a simple physical inventory without a full spreadsheet system.,https://x26dotapp.github.io/daily-autodigital-shelf/packs/2026-05-22-home-inventory/,https://x26dotapp.github.io/daily-autodigital-shelf/downloads/2026-05-22-home-inventory.html,https://x26dotapp.github.io/daily-autodigital-shelf/downloads/2026-05-22-home-inventory.zip,https://www.calmsprout.com/daily-shelf/products/2026-05-22-home-inventory,https://www.calmsprout.com/daily-shelf/products/2026-05-22-home-inventory/support,https://www.calmsprout.com/daily-shelf/products/2026-05-22-home-inventory/support/go,https://x26dotapp.github.io/daily-autodigital-shelf/support.html,https://x26dotapp.github.io/daily-autodigital-shelf/pay-what-you-can.html,https://gift.calmsprout.com,calmsprout,daily_shelf,product_support,2026-05-22-home-inventory,"$3 Small thank-you: A light support nudge for one useful worksheet. | $9 Bundle supporter: A fair support level for the starter archive. | $21 Keep it running: Helps keep daily publishing, hosting, and maintenance alive.",True,False,public digital download with voluntary external support,Product checkout is not connected. Downloads remain public and support is voluntary.
daily-autodigital-shelf:2026-05-21-low-energy-week,2026-05-21,Low-Energy Week Planner,A gentle planning sheet for weeks where consistency matters more than intensity.,Disabled and neurodivergent workers who need low-friction planning without motivational noise.,https://x26dotapp.github.io/daily-autodigital-shelf/packs/2026-05-21-low-energy-week/,https://x26dotapp.github.io/daily-autodigital-shelf/downloads/2026-05-21-low-energy-week.html,https://x26dotapp.github.io/daily-autodigital-shelf/downloads/2026-05-21-low-energy-week.zip,https://www.calmsprout.com/daily-shelf/products/2026-05-21-low-energy-week,https://www.calmsprout.com/daily-shelf/products/2026-05-21-low-energy-week/support,https://www.calmsprout.com/daily-shelf/products/2026-05-21-low-energy-week/support/go,https://x26dotapp.github.io/daily-autodigital-shelf/support.html,https://x26dotapp.github.io/daily-autodigital-shelf/pay-what-you-can.html,https://gift.calmsprout.com,calmsprout,daily_shelf,product_support,2026-05-21-low-energy-week,"$3 Small thank-you: A light support nudge for one useful worksheet. | $9 Bundle supporter: A fair support level for the starter archive. | $21 Keep it running: Helps keep daily publishing, hosting, and maintenance alive.",True,False,public digital download with voluntary external support,Product checkout is not connected. Downloads remain public and support is voluntary.
daily-autodigital-shelf:2026-05-20-receipt-runner,2026-05-20,Receipt Runner Ledger Pack,A simple ledger and daily receipt habit for tiny projects that need proof of movement.,People who lose progress in scattered notes and need a visible record of what changed.,https://x26dotapp.github.io/daily-autodigital-shelf/packs/2026-05-20-receipt-runner/,https://x26dotapp.github.io/daily-autodigital-shelf/downloads/2026-05-20-receipt-runner.html,https://x26dotapp.github.io/daily-autodigital-shelf/downloads/2026-05-20-receipt-runner.zip,https://www.calmsprout.com/daily-shelf/products/2026-05-20-receipt-runner,https://www.calmsprout.com/daily-shelf/products/2026-05-20-receipt-runner/support,https://www.calmsprout.com/daily-shelf/products/2026-05-20-receipt-runner/support/go,https://x26dotapp.github.io/daily-autodigital-shelf/support.html,https://x26dotapp.github.io/daily-autodigital-shelf/pay-what-you-can.html,https://gift.calmsprout.com,calmsprout,daily_shelf,product_support,2026-05-20-receipt-runner,"$3 Small thank-you: A light support nudge for one useful worksheet. | $9 Bundle supporter: A fair support level for the starter archive. | $21 Keep it running: Helps keep daily publishing, hosting, and maintenance alive.",True,False,public digital download with voluntary external support,Product checkout is not connected. Downloads remain public and support is voluntary.
daily-autodigital-shelf:2026-05-19-calm-launch,2026-05-19,Calm Launch One-Page Kit,"A printable page for turning one messy idea into one offer, one audience, and one next action.","Creators, solo operators, and small service shops with an idea that keeps staying unfinished.",https://x26dotapp.github.io/daily-autodigital-shelf/packs/2026-05-19-calm-launch/,https://x26dotapp.github.io/daily-autodigital-shelf/downloads/2026-05-19-calm-launch.html,https://x26dotapp.github.io/daily-autodigital-shelf/downloads/2026-05-19-calm-launch.zip,https://www.calmsprout.com/daily-shelf/products/2026-05-19-calm-launch,https://www.calmsprout.com/daily-shelf/products/2026-05-19-calm-launch/support,https://www.calmsprout.com/daily-shelf/products/2026-05-19-calm-launch/support/go,https://x26dotapp.github.io/daily-autodigital-shelf/support.html,https://x26dotapp.github.io/daily-autodigital-shelf/pay-what-you-can.html,https://gift.calmsprout.com,calmsprout,daily_shelf,product_support,2026-05-19-calm-launch,"$3 Small thank-you: A light support nudge for one useful worksheet. | $9 Bundle supporter: A fair support level for the starter archive. | $21 Keep it running: Helps keep daily publishing, hosting, and maintenance alive.",True,False,public digital download with voluntary external support,Product checkout is not connected. Downloads remain public and support is voluntary.
daily-autodigital-shelf:2026-05-18-landing-page-copy,2026-05-18,Landing Page Copy Blocks,"A fill-in worksheet for headline, promise, proof, offer, and next action copy.",Small operators who need usable page copy before a designer or builder gets involved.,https://x26dotapp.github.io/daily-autodigital-shelf/packs/2026-05-18-landing-page-copy/,https://x26dotapp.github.io/daily-autodigital-shelf/downloads/2026-05-18-landing-page-copy.html,https://x26dotapp.github.io/daily-autodigital-shelf/downloads/2026-05-18-landing-page-copy.zip,https://www.calmsprout.com/daily-shelf/products/2026-05-18-landing-page-copy,https://www.calmsprout.com/daily-shelf/products/2026-05-18-landing-page-copy/support,https://www.calmsprout.com/daily-shelf/products/2026-05-18-landing-page-copy/support/go,https://x26dotapp.github.io/daily-autodigital-shelf/support.html,https://x26dotapp.github.io/daily-autodigital-shelf/pay-what-you-can.html,https://gift.calmsprout.com,calmsprout,daily_shelf,product_support,2026-05-18-landing-page-copy,"$3 Small thank-you: A light support nudge for one useful worksheet. | $9 Bundle supporter: A fair support level for the starter archive. | $21 Keep it running: Helps keep daily publishing, hosting, and maintenance alive.",True,False,public digital download with voluntary external support,Product checkout is not connected. Downloads remain public and support is voluntary.
daily-autodigital-shelf:2026-05-17-renewal-reminder,2026-05-17,Renewal Reminder Sheet,"A small tracker for domain, software, insurance, lease, and service renewal dates.",People who need renewal dates visible before they become urgent surprises.,https://x26dotapp.github.io/daily-autodigital-shelf/packs/2026-05-17-renewal-reminder/,https://x26dotapp.github.io/daily-autodigital-shelf/downloads/2026-05-17-renewal-reminder.html,https://x26dotapp.github.io/daily-autodigital-shelf/downloads/2026-05-17-renewal-reminder.zip,https://www.calmsprout.com/daily-shelf/products/2026-05-17-renewal-reminder,https://www.calmsprout.com/daily-shelf/products/2026-05-17-renewal-reminder/support,https://www.calmsprout.com/daily-shelf/products/2026-05-17-renewal-reminder/support/go,https://x26dotapp.github.io/daily-autodigital-shelf/support.html,https://x26dotapp.github.io/daily-autodigital-shelf/pay-what-you-can.html,https://gift.calmsprout.com,calmsprout,daily_shelf,product_support,2026-05-17-renewal-reminder,"$3 Small thank-you: A light support nudge for one useful worksheet. | $9 Bundle supporter: A fair support level for the starter archive. | $21 Keep it running: Helps keep daily publishing, hosting, and maintenance alive.",True,False,public digital download with voluntary external support,Product checkout is not connected. Downloads remain public and support is voluntary.
daily-autodigital-shelf:2026-05-16-link-in-bio-audit,2026-05-16,Link-in-Bio Audit,A simple audit sheet for checking whether a public profile points visitors to one useful action.,Creators and small sellers whose public links do not clearly route visitors.,https://x26dotapp.github.io/daily-autodigital-shelf/packs/2026-05-16-link-in-bio-audit/,https://x26dotapp.github.io/daily-autodigital-shelf/downloads/2026-05-16-link-in-bio-audit.html,https://x26dotapp.github.io/daily-autodigital-shelf/downloads/2026-05-16-link-in-bio-audit.zip,https://www.calmsprout.com/daily-shelf/products/2026-05-16-link-in-bio-audit,https://www.calmsprout.com/daily-shelf/products/2026-05-16-link-in-bio-audit/support,https://www.calmsprout.com/daily-shelf/products/2026-05-16-link-in-bio-audit/support/go,https://x26dotapp.github.io/daily-autodigital-shelf/support.html,https://x26dotapp.github.io/daily-autodigital-shelf/pay-what-you-can.html,https://gift.calmsprout.com,calmsprout,daily_shelf,product_support,2026-05-16-link-in-bio-audit,"$3 Small thank-you: A light support nudge for one useful worksheet. | $9 Bundle supporter: A fair support level for the starter archive. | $21 Keep it running: Helps keep daily publishing, hosting, and maintenance alive.",True,False,public digital download with voluntary external support,Product checkout is not connected. Downloads remain public and support is voluntary.
daily-autodigital-shelf:2026-05-15-focus-menu,2026-05-15,Focus Menu Builder,"A menu of low, medium, and high energy task options for days when planning from scratch is too expensive.",People who need usable work choices that adapt to uneven energy.,https://x26dotapp.github.io/daily-autodigital-shelf/packs/2026-05-15-focus-menu/,https://x26dotapp.github.io/daily-autodigital-shelf/downloads/2026-05-15-focus-menu.html,https://x26dotapp.github.io/daily-autodigital-shelf/downloads/2026-05-15-focus-menu.zip,https://www.calmsprout.com/daily-shelf/products/2026-05-15-focus-menu,https://www.calmsprout.com/daily-shelf/products/2026-05-15-focus-menu/support,https://www.calmsprout.com/daily-shelf/products/2026-05-15-focus-menu/support/go,https://x26dotapp.github.io/daily-autodigital-shelf/support.html,https://x26dotapp.github.io/daily-autodigital-shelf/pay-what-you-can.html,https://gift.calmsprout.com,calmsprout,daily_shelf,product_support,2026-05-15-focus-menu,"$3 Small thank-you: A light support nudge for one useful worksheet. | $9 Bundle supporter: A fair support level for the starter archive. | $21 Keep it running: Helps keep daily publishing, hosting, and maintenance alive.",True,False,public digital download with voluntary external support,Product checkout is not connected. Downloads remain public and support is voluntary.
daily-autodigital-shelf:2026-05-14-store-import-prep,2026-05-14,Store Import Prep Sheet,"A worksheet for gathering product title, description, price hint, tags, and delivery files before using a store platform.","Digital sellers preparing listings for Payhip, Gumroad, Etsy-style shops, or similar platforms.",https://x26dotapp.github.io/daily-autodigital-shelf/packs/2026-05-14-store-import-prep/,https://x26dotapp.github.io/daily-autodigital-shelf/downloads/2026-05-14-store-import-prep.html,https://x26dotapp.github.io/daily-autodigital-shelf/downloads/2026-05-14-store-import-prep.zip,https://www.calmsprout.com/daily-shelf/products/2026-05-14-store-import-prep,https://www.calmsprout.com/daily-shelf/products/2026-05-14-store-import-prep/support,https://www.calmsprout.com/daily-shelf/products/2026-05-14-store-import-prep/support/go,https://x26dotapp.github.io/daily-autodigital-shelf/support.html,https://x26dotapp.github.io/daily-autodigital-shelf/pay-what-you-can.html,https://gift.calmsprout.com,calmsprout,daily_shelf,product_support,2026-05-14-store-import-prep,"$3 Small thank-you: A light support nudge for one useful worksheet. | $9 Bundle supporter: A fair support level for the starter archive. | $21 Keep it running: Helps keep daily publishing, hosting, and maintenance alive.",True,False,public digital download with voluntary external support,Product checkout is not connected. Downloads remain public and support is voluntary.
daily-autodigital-shelf:2026-05-13-two-hour-workblock,2026-05-13,Two-Hour Workblock Planner,"A compact planning sheet for choosing one outcome, one timer, and one shutdown note.",People who need a bounded work session that does not expand into the whole day.,https://x26dotapp.github.io/daily-autodigital-shelf/packs/2026-05-13-two-hour-workblock/,https://x26dotapp.github.io/daily-autodigital-shelf/downloads/2026-05-13-two-hour-workblock.html,https://x26dotapp.github.io/daily-autodigital-shelf/downloads/2026-05-13-two-hour-workblock.zip,https://www.calmsprout.com/daily-shelf/products/2026-05-13-two-hour-workblock,https://www.calmsprout.com/daily-shelf/products/2026-05-13-two-hour-workblock/support,https://www.calmsprout.com/daily-shelf/products/2026-05-13-two-hour-workblock/support/go,https://x26dotapp.github.io/daily-autodigital-shelf/support.html,https://x26dotapp.github.io/daily-autodigital-shelf/pay-what-you-can.html,https://gift.calmsprout.com,calmsprout,daily_shelf,product_support,2026-05-13-two-hour-workblock,"$3 Small thank-you: A light support nudge for one useful worksheet. | $9 Bundle supporter: A fair support level for the starter archive. | $21 Keep it running: Helps keep daily publishing, hosting, and maintenance alive.",True,False,public digital download with voluntary external support,Product checkout is not connected. Downloads remain public and support is voluntary.
daily-autodigital-shelf:2026-05-12-simple-order-form,2026-05-12,Simple Order Form Draft,A draft sheet for designing a small order or request form before building it online.,Small sellers and service providers who need a clear order form before platform setup.,https://x26dotapp.github.io/daily-autodigital-shelf/packs/2026-05-12-simple-order-form/,https://x26dotapp.github.io/daily-autodigital-shelf/downloads/2026-05-12-simple-order-form.html,https://x26dotapp.github.io/daily-autodigital-shelf/downloads/2026-05-12-simple-order-form.zip,https://www.calmsprout.com/daily-shelf/products/2026-05-12-simple-order-form,https://www.calmsprout.com/daily-shelf/products/2026-05-12-simple-order-form/support,https://www.calmsprout.com/daily-shelf/products/2026-05-12-simple-order-form/support/go,https://x26dotapp.github.io/daily-autodigital-shelf/support.html,https://x26dotapp.github.io/daily-autodigital-shelf/pay-what-you-can.html,https://gift.calmsprout.com,calmsprout,daily_shelf,product_support,2026-05-12-simple-order-form,"$3 Small thank-you: A light support nudge for one useful worksheet. | $9 Bundle supporter: A fair support level for the starter archive. | $21 Keep it running: Helps keep daily publishing, hosting, and maintenance alive.",True,False,public digital download with voluntary external support,Product checkout is not connected. Downloads remain public and support is voluntary.
daily-autodigital-shelf:2026-05-11-daily-proof-log,2026-05-11,Daily Proof Log,A receipt-style log for recording visible proof of work without overexplaining the whole day.,"Solo workers who need evidence of progress for themselves, clients, or future handoff.",https://x26dotapp.github.io/daily-autodigital-shelf/packs/2026-05-11-daily-proof-log/,https://x26dotapp.github.io/daily-autodigital-shelf/downloads/2026-05-11-daily-proof-log.html,https://x26dotapp.github.io/daily-autodigital-shelf/downloads/2026-05-11-daily-proof-log.zip,https://www.calmsprout.com/daily-shelf/products/2026-05-11-daily-proof-log,https://www.calmsprout.com/daily-shelf/products/2026-05-11-daily-proof-log/support,https://www.calmsprout.com/daily-shelf/products/2026-05-11-daily-proof-log/support/go,https://x26dotapp.github.io/daily-autodigital-shelf/support.html,https://x26dotapp.github.io/daily-autodigital-shelf/pay-what-you-can.html,https://gift.calmsprout.com,calmsprout,daily_shelf,product_support,2026-05-11-daily-proof-log,"$3 Small thank-you: A light support nudge for one useful worksheet. | $9 Bundle supporter: A fair support level for the starter archive. | $21 Keep it running: Helps keep daily publishing, hosting, and maintenance alive.",True,False,public digital download with voluntary external support,Product checkout is not connected. Downloads remain public and support is voluntary.
daily-autodigital-shelf:2026-05-10-project-rescue-map,2026-05-10,Project Rescue Map,"A one-page map for rescuing a messy project by separating assets, blockers, risks, and next moves.",Builders and operators who need to recover a project without starting over.,https://x26dotapp.github.io/daily-autodigital-shelf/packs/2026-05-10-project-rescue-map/,https://x26dotapp.github.io/daily-autodigital-shelf/downloads/2026-05-10-project-rescue-map.html,https://x26dotapp.github.io/daily-autodigital-shelf/downloads/2026-05-10-project-rescue-map.zip,https://www.calmsprout.com/daily-shelf/products/2026-05-10-project-rescue-map,https://www.calmsprout.com/daily-shelf/products/2026-05-10-project-rescue-map/support,https://www.calmsprout.com/daily-shelf/products/2026-05-10-project-rescue-map/support/go,https://x26dotapp.github.io/daily-autodigital-shelf/support.html,https://x26dotapp.github.io/daily-autodigital-shelf/pay-what-you-can.html,https://gift.calmsprout.com,calmsprout,daily_shelf,product_support,2026-05-10-project-rescue-map,"$3 Small thank-you: A light support nudge for one useful worksheet. | $9 Bundle supporter: A fair support level for the starter archive. | $21 Keep it running: Helps keep daily publishing, hosting, and maintenance alive.",True,False,public digital download with voluntary external support,Product checkout is not connected. Downloads remain public and support is voluntary.
daily-autodigital-shelf:2026-05-09-email-triage,2026-05-09,Email Triage Sprint,A 15-minute inbox worksheet for finding the few messages that actually need action.,People who avoid inboxes because every message feels equally urgent.,https://x26dotapp.github.io/daily-autodigital-shelf/packs/2026-05-09-email-triage/,https://x26dotapp.github.io/daily-autodigital-shelf/downloads/2026-05-09-email-triage.html,https://x26dotapp.github.io/daily-autodigital-shelf/downloads/2026-05-09-email-triage.zip,https://www.calmsprout.com/daily-shelf/products/2026-05-09-email-triage,https://www.calmsprout.com/daily-shelf/products/2026-05-09-email-triage/support,https://www.calmsprout.com/daily-shelf/products/2026-05-09-email-triage/support/go,https://x26dotapp.github.io/daily-autodigital-shelf/support.html,https://x26dotapp.github.io/daily-autodigital-shelf/pay-what-you-can.html,https://gift.calmsprout.com,calmsprout,daily_shelf,product_support,2026-05-09-email-triage,"$3 Small thank-you: A light support nudge for one useful worksheet. | $9 Bundle supporter: A fair support level for the starter archive. | $21 Keep it running: Helps keep daily publishing, hosting, and maintenance alive.",True,False,public digital download with voluntary external support,Product checkout is not connected. Downloads remain public and support is voluntary.
daily-autodigital-shelf:2026-05-08-decision-parking-lot,2026-05-08,Decision Parking Lot,A worksheet for parking unresolved decisions so they stop interrupting the current task.,People who get pulled away by unresolved choices and need a simple holding place.,https://x26dotapp.github.io/daily-autodigital-shelf/packs/2026-05-08-decision-parking-lot/,https://x26dotapp.github.io/daily-autodigital-shelf/downloads/2026-05-08-decision-parking-lot.html,https://x26dotapp.github.io/daily-autodigital-shelf/downloads/2026-05-08-decision-parking-lot.zip,https://www.calmsprout.com/daily-shelf/products/2026-05-08-decision-parking-lot,https://www.calmsprout.com/daily-shelf/products/2026-05-08-decision-parking-lot/support,https://www.calmsprout.com/daily-shelf/products/2026-05-08-decision-parking-lot/support/go,https://x26dotapp.github.io/daily-autodigital-shelf/support.html,https://x26dotapp.github.io/daily-autodigital-shelf/pay-what-you-can.html,https://gift.calmsprout.com,calmsprout,daily_shelf,product_support,2026-05-08-decision-parking-lot,"$3 Small thank-you: A light support nudge for one useful worksheet. | $9 Bundle supporter: A fair support level for the starter archive. | $21 Keep it running: Helps keep daily publishing, hosting, and maintenance alive.",True,False,public digital download with voluntary external support,Product checkout is not connected. Downloads remain public and support is voluntary.
daily-autodigital-shelf:2026-05-07-tiny-launch-checklist,2026-05-07,Tiny Launch Checklist,"A compact launch checklist for publishing a small page, pack, or offer without waiting for perfect.",People with useful work stuck in draft mode who need a small publish path.,https://x26dotapp.github.io/daily-autodigital-shelf/packs/2026-05-07-tiny-launch-checklist/,https://x26dotapp.github.io/daily-autodigital-shelf/downloads/2026-05-07-tiny-launch-checklist.html,https://x26dotapp.github.io/daily-autodigital-shelf/downloads/2026-05-07-tiny-launch-checklist.zip,https://www.calmsprout.com/daily-shelf/products/2026-05-07-tiny-launch-checklist,https://www.calmsprout.com/daily-shelf/products/2026-05-07-tiny-launch-checklist/support,https://www.calmsprout.com/daily-shelf/products/2026-05-07-tiny-launch-checklist/support/go,https://x26dotapp.github.io/daily-autodigital-shelf/support.html,https://x26dotapp.github.io/daily-autodigital-shelf/pay-what-you-can.html,https://gift.calmsprout.com,calmsprout,daily_shelf,product_support,2026-05-07-tiny-launch-checklist,"$3 Small thank-you: A light support nudge for one useful worksheet. | $9 Bundle supporter: A fair support level for the starter archive. | $21 Keep it running: Helps keep daily publishing, hosting, and maintenance alive.",True,False,public digital download with voluntary external support,Product checkout is not connected. Downloads remain public and support is voluntary.
daily-autodigital-shelf:2026-05-06-micro-offer-pricing,2026-05-06,Micro Offer Pricing Sheet,A simple worksheet for pricing a small digital or service offer without pretending the market is guaranteed.,Creators and service providers turning a small repeatable outcome into an offer.,https://x26dotapp.github.io/daily-autodigital-shelf/packs/2026-05-06-micro-offer-pricing/,https://x26dotapp.github.io/daily-autodigital-shelf/downloads/2026-05-06-micro-offer-pricing.html,https://x26dotapp.github.io/daily-autodigital-shelf/downloads/2026-05-06-micro-offer-pricing.zip,https://www.calmsprout.com/daily-shelf/products/2026-05-06-micro-offer-pricing,https://www.calmsprout.com/daily-shelf/products/2026-05-06-micro-offer-pricing/support,https://www.calmsprout.com/daily-shelf/products/2026-05-06-micro-offer-pricing/support/go,https://x26dotapp.github.io/daily-autodigital-shelf/support.html,https://x26dotapp.github.io/daily-autodigital-shelf/pay-what-you-can.html,https://gift.calmsprout.com,calmsprout,daily_shelf,product_support,2026-05-06-micro-offer-pricing,"$3 Small thank-you: A light support nudge for one useful worksheet. | $9 Bundle supporter: A fair support level for the starter archive. | $21 Keep it running: Helps keep daily publishing, hosting, and maintenance alive.",True,False,public digital download with voluntary external support,Product checkout is not connected. Downloads remain public and support is voluntary.
daily-autodigital-shelf:2026-05-05-weekly-reset,2026-05-05,Weekly Reset Board,"A printable reset board for tasks, bills, errands, and loose ends that need one weekly review.",Busy households and solo workers who need one visible weekly reset page.,https://x26dotapp.github.io/daily-autodigital-shelf/packs/2026-05-05-weekly-reset/,https://x26dotapp.github.io/daily-autodigital-shelf/downloads/2026-05-05-weekly-reset.html,https://x26dotapp.github.io/daily-autodigital-shelf/downloads/2026-05-05-weekly-reset.zip,https://www.calmsprout.com/daily-shelf/products/2026-05-05-weekly-reset,https://www.calmsprout.com/daily-shelf/products/2026-05-05-weekly-reset/support,https://www.calmsprout.com/daily-shelf/products/2026-05-05-weekly-reset/support/go,https://x26dotapp.github.io/daily-autodigital-shelf/support.html,https://x26dotapp.github.io/daily-autodigital-shelf/pay-what-you-can.html,https://gift.calmsprout.com,calmsprout,daily_shelf,product_support,2026-05-05-weekly-reset,"$3 Small thank-you: A light support nudge for one useful worksheet. | $9 Bundle supporter: A fair support level for the starter archive. | $21 Keep it running: Helps keep daily publishing, hosting, and maintenance alive.",True,False,public digital download with voluntary external support,Product checkout is not connected. Downloads remain public and support is voluntary.
